name_of_user,user_id,created_at
Alex,a3,2024-03-11 18:41:59.890575

aaaa,a4,2024-03-12 22:06:16.232361
tony,tony,2024-03-13 17:57:06.457900
lily,lily,2024-03-13 17:58:22.817736
toni,toni,2024-03-13 19:10:38.902613
lala,lala,2024-03-13 19:42:42.050674
nani,nani,2024-03-13 19:43:00.173636
nanii,nanii,2024-03-13 19:45:14.709472
anya,anya,2024-03-13 19:45:52.193702
celery,celery,2024-03-13 19:46:30.381120
anthony,anthony1,2024-03-13 19:47:06.621291
nonna,nonna,2024-03-13 19:47:45.192624
kirik,kirik,2024-03-13 19:48:38.248853
alla,alla,2024-03-13 19:52:13.612565
naniii,naniii,2024-03-13 20:16:07.854244
lala,lala3,2024-03-13 20:16:20.361239
alexx,a5,2024-03-13 20:20:29.307128
kirill,kirill1,2024-03-13 20:36:44.830533
kirill,kirill2,2024-03-13 20:37:33.233975
kirill,kirill3,2024-03-13 20:37:53.140289
kirill,kirill5,2024-03-13 20:44:01.293009
iril,iril1,2024-03-13 20:45:30.145675
iril,irill6,2024-03-13 20:45:56.737588
kirilll,kirilll,2024-03-14 16:05:24.353256
lolila,lolila,2024-03-14 16:13:47.740635
lalalal,lalalal,2024-03-14 16:25:40.256473
nano,nano,2024-03-14 16:28:48.257273
aaaa,aaaa,2024-03-14 16:54:50.558167
riki,riki,2024-03-14 17:20:33.342615
lina,lina,2024-03-14 17:23:23.753961
rikiki,rikiki,2024-03-14 17:27:38.839984
Alexander,alexander1,2024-03-14 17:30:06.952061
lolita,lolita,2024-03-14 18:11:50.084897
tutu,tutu,2024-03-14 18:39:27.593433
